Actuarial Mathematics	2026	https://www.wpi.edu/sites/default/files/2023-05/MAC%202026_fillable.pdf
Actuarial Mathematics	2027	https://www.wpi.edu/sites/default/files/2023-06/MAC%202027_fillable_0.pdf
Actuarial Mathematics	2028	https://www.wpi.edu/sites/default/files/2024-05/MAC-2028_fillable.pdf
Actuarial Mathematics	2029	https://www.wpi.edu/sites/default/files/2025-06/MAC-2029_newfillable.pdf
Aerospace Engineering-Aeronautical	2026	https://www.wpi.edu/sites/default/files/2023-08/AE-%20AERO%202026_fillable.pdf
Aerospace Engineering-Aeronautical	2027	https://www.wpi.edu/sites/default/files/2023-08/AE-%20AERO%202027_fillable.pdf
Aerospace Engineering-Aeronautical	2028	https://www.wpi.edu/sites/default/files/2024-07/AE---AERO-2028_new.pdf
Aerospace Engineering-Aeronautical	2029	https://www.wpi.edu/sites/default/files/2025-06/AE---AERO-2029_newfillable.pdf
Aerospace Engineering-Aeronautical	2030	https://www.wpi.edu/sites/default/files/2026-04/AE---AERO-2030_fillable.pdf
Aerospace Engineering-Astronautical	2026	https://www.wpi.edu/sites/default/files/2023-08/AE%20-%20ASTRO%202026_fillable.pdf
Aerospace Engineering-Astronautical	2027	https://www.wpi.edu/sites/default/files/2023-08/AE%20-%20ASTRO%202027_fillable.pdf
Aerospace Engineering-Astronautical	2028	https://www.wpi.edu/sites/default/files/2024-07/AE---ASTRO-2028_new.pdf
Aerospace Engineering-Astronautical	2029	https://www.wpi.edu/sites/default/files/2025-06/AE---ASTRO-2029_newfillable.pdf
Aerospace Engineering-Astronautical	2030	https://www.wpi.edu/sites/default/files/2026-04/AE---ASTRO-2030_fillable.pdf
Architectural Engineering	2026	https://www.wpi.edu/sites/default/files/2026-03/AREN-2026_updated.pdf
Architectural Engineering	2027	https://www.wpi.edu/sites/default/files/2023-06/AREN%202027_fillable_0.pdf
Architectural Engineering	2028	https://www.wpi.edu/sites/default/files/2026-03/AREN-2028_updated.pdf
Architectural Engineering	2029	https://www.wpi.edu/sites/default/files/2026-03/AREN-2029_updated.pdf
Artificial Intelligence	2030	https://www.wpi.edu/sites/default/files/2026-02/AI-2030_fillable_0.pdf
Biochemistry	2026	https://www.wpi.edu/sites/default/files/2023-05/BC%202026_fillable.pdf
Biochemistry	2027	https://www.wpi.edu/sites/default/files/2023-06/BC%202027_fillable_0.pdf
Biochemistry	2028	https://www.wpi.edu/sites/default/files/2024-10/BC-2028_fillable.pdf
Biochemistry	2029	https://www.wpi.edu/sites/default/files/2025-06/BC-2029_newfillable.pdf
Biochemistry	2030	https://www.wpi.edu/sites/default/files/2026-06/BC-2030_fillable.pdf
Bioinformatics and Computational Biology	2026	https://www.wpi.edu/sites/default/files/2023-05/BCB%202026_fillable.pdf
Bioinformatics and Computational Biology	2027	https://www.wpi.edu/sites/default/files/2023-06/BCB%202027_fillable_0.pdf
Bioinformatics and Computational Biology	2028	https://www.wpi.edu/sites/default/files/2024-05/BCB-2028_fillable.pdf
Bioinformatics and Computational Biology	2029	https://www.wpi.edu/sites/default/files/2025-06/BCB-2029_newfillable.pdf
Bioinformatics and Computational Biology	2030	https://www.wpi.edu/sites/default/files/2026-04/BCB-2030.pdf
Biology and Biotechnology	2026	https://www.wpi.edu/sites/default/files/2023-05/BBT%202026_fillable.pdf
Biology and Biotechnology	2027	https://www.wpi.edu/sites/default/files/2023-06/BBT%202027_fillable_0.pdf
Biology and Biotechnology	2028	https://www.wpi.edu/sites/default/files/2026-01/BBT-2028-fillable.pdf
Biology and Biotechnology	2029	https://www.wpi.edu/sites/default/files/2025-08/BBT-2029_newfillable.pdf
Biology and Biotechnology	2030	https://www.wpi.edu/sites/default/files/2026-04/BBT-2030.pdf
Biomedical Engineering	2026	https://www.wpi.edu/sites/default/files/2023-05/BME%202026_fillable.pdf
Biomedical Engineering	2027	https://www.wpi.edu/sites/default/files/2023-06/BME%202027_fillable_0.pdf
Biomedical Engineering	2028	https://www.wpi.edu/sites/default/files/2024-05/BME-2028_fillable_0.pdf
Biomedical Engineering	2029	https://www.wpi.edu/sites/default/files/2026-06/BME-2029_newfillable.pdf
Biomedical Engineering	2030	https://www.wpi.edu/sites/default/files/2026-06/BME-2030_fillable.pdf
Business	2026	https://www.wpi.edu/sites/default/files/2023-05/BU%202026%20all%20concentrations_fillable.pdf
Business	2027	https://www.wpi.edu/sites/default/files/2023-06/BU%202027%20All_fillable_0.pdf
Business	2028	https://www.wpi.edu/sites/default/files/2024-05/BU-2028-All_fillable.pdf
Business	2029	https://www.wpi.edu/sites/default/files/2025-06/BUS-2029_allfillable.pdf
Business Analytics and Applied AI	2030	https://www.wpi.edu/sites/default/files/2026-05/BS-BA-AAI-Class-of-2030.pdf
Chemical Engineering	2026	https://www.wpi.edu/sites/default/files/2023-05/CHE%202026_fillable.pdf
Chemical Engineering	2027	https://www.wpi.edu/sites/default/files/2023-06/CHE%202027_fillable_0.pdf
Chemical Engineering	2028	https://www.wpi.edu/sites/default/files/2024-05/CHE-2028_fillable.pdf
Chemical Engineering	2029	https://www.wpi.edu/sites/default/files/2025-06/CHE-2029_newfillable.pdf
Chemical Engineering	2030	https://www.wpi.edu/sites/default/files/2026-06/CHE-2030_fillable.pdf
Chemistry	2026	https://www.wpi.edu/sites/default/files/2023-05/CH%202026_fillable.pdf
Chemistry	2027	https://www.wpi.edu/sites/default/files/2023-06/CH%202027_fillable_0.pdf
Chemistry	2028	https://www.wpi.edu/sites/default/files/2024-10/CH-2028_fillable.pdf
Chemistry	2029	https://www.wpi.edu/sites/default/files/2025-06/CH-2029_newfillable.pdf
Chemistry	2030	https://www.wpi.edu/sites/default/files/2026-06/CH-2030_fillable.pdf
Civil Engineering	2026	https://www.wpi.edu/sites/default/files/2026-06/CE-2026_updated.pdf
Civil Engineering	2027	https://www.wpi.edu/sites/default/files/2026-06/CE-2027_updated.pdf
Civil Engineering	2028	https://www.wpi.edu/sites/default/files/2026-06/CE-2028_updated.pdf
Civil Engineering	2029	https://www.wpi.edu/sites/default/files/2025-06/CE-2029_newfillable.pdf
Civil Engineering	2030	https://www.wpi.edu/sites/default/files/2026-06/CE-2030_fillable.pdf
Computer Science	2026	https://www.wpi.edu/sites/default/files/2025-12/CS-2026_fillable_new.pdf
Computer Science	2027	https://www.wpi.edu/sites/default/files/2025-12/CS-2027_fillable_new.pdf
Computer Science	2028	https://www.wpi.edu/sites/default/files/2025-12/CS-2028_fillable_new.pdf
Computer Science	2029	https://www.wpi.edu/sites/default/files/2025-12/CS-2029_newfillable.pdf
Computer Science	2030	https://www.wpi.edu/sites/default/files/2026-06/CS-2030_fillable.pdf
Cybersecurity	2030	https://www.wpi.edu/sites/default/files/2026-02/SEC-2030_fillable_0.pdf
Data Science	2026	https://www.wpi.edu/sites/default/files/2024-05/DS-2026_fillable-new.pdf
Data Science	2027	https://www.wpi.edu/sites/default/files/2024-05/DS-2027_fillable-new.pdf
Data Science	2028	https://www.wpi.edu/sites/default/files/2024-05/DS-2028_fillable.pdf
Data Science	2029	https://www.wpi.edu/sites/default/files/2025-06/DS-2029_newfillable.pdf
Data Science	2030	https://www.wpi.edu/sites/default/files/2026-06/DS-2030_fillable.pdf
Economic Science	2026	https://www.wpi.edu/sites/default/files/2023-05/ECON%202026_fillable.pdf
Economic Science	2027	https://www.wpi.edu/sites/default/files/2023-06/ECON%202027_fillable_0.pdf
Economic Science	2028	https://www.wpi.edu/sites/default/files/2024-05/ECON-2028_fillable.pdf
Economic Science	2029	https://www.wpi.edu/sites/default/files/2025-08/ECON-2029_newfillable.pdf
Electrical and Computer Engineering	2026	https://www.wpi.edu/sites/default/files/2024-08/ECE-2026_fillable.pdf
Electrical and Computer Engineering	2027	https://www.wpi.edu/sites/default/files/2024-08/ECE-2027_fillable.pdf
Electrical and Computer Engineering	2028	https://www.wpi.edu/sites/default/files/2024-05/ECE-2028_fillable.pdf
Electrical and Computer Engineering	2029	https://www.wpi.edu/sites/default/files/2025-06/ECE-2029_newfillable.pdf
Environmental and Sustainability Studies	2026	https://www.wpi.edu/sites/default/files/2023-05/ESS%202026_fillable.pdf
Environmental and Sustainability Studies	2027	https://www.wpi.edu/sites/default/files/2023-06/ESS%202027_fillable_0.pdf
Environmental and Sustainability Studies	2028	https://www.wpi.edu/sites/default/files/2024-05/ESS-2028_fillable.pdf
Environmental and Sustainability Studies	2029	https://www.wpi.edu/sites/default/files/2025-06/ESS-2029_newfillable.pdf
Environmental Engineering	2026	https://www.wpi.edu/sites/default/files/2024-02/EVE-2026_fillable.pdf
Environmental Engineering	2027	https://www.wpi.edu/sites/default/files/2024-02/EVE-2027_fillable.pdf
Environmental Engineering	2028	https://www.wpi.edu/sites/default/files/2024-05/EVE-2028_fillable.pdf
Environmental Engineering	2029	https://www.wpi.edu/sites/default/files/2025-06/EVE-2029_newfillable.pdf
Environmental Engineering	2030	https://www.wpi.edu/sites/default/files/2026-06/EVE-2030_fillable.pdf
Financial Technology	2027	https://www.wpi.edu/sites/default/files/2024-01/FT-2027-All_fillable.pdf
Financial Technology	2028	https://www.wpi.edu/sites/default/files/2024-05/FT-2028-All_Fillable.pdf
Financial Technology	2029	https://www.wpi.edu/sites/default/files/2025-06/FT-2029_newfillable.pdf
Humanities and Arts	2026	https://www.wpi.edu/sites/default/files/2023-10/HUA-2026_fillable.pdf
Humanities and Arts	2027	https://www.wpi.edu/sites/default/files/2023-10/HUA-2027_fillable.pdf
Humanities and Arts	2028	https://www.wpi.edu/sites/default/files/2024-05/HUA-2028_fillable.pdf
Humanities and Arts	2029	https://www.wpi.edu/sites/default/files/2025-06/HUA-2029_newfillable.pdf
Industrial Engineering	2026	https://www.wpi.edu/sites/default/files/2023-05/IE%202026_fillable.pdf
Industrial Engineering	2027	https://www.wpi.edu/sites/default/files/2023-06/IE%202027_fillable_0.pdf
Industrial Engineering	2028	https://www.wpi.edu/sites/default/files/2024-12/IE-2028_fillable.pdf
Industrial Engineering	2029	https://www.wpi.edu/sites/default/files/2025-06/IE-2029_newfillable.pdf
Information Systems and Technology	2028	https://www.wpi.edu/sites/default/files/2024-05/ISTech-2028_fillable.pdf
Information Systems and Technology	2029	https://www.wpi.edu/sites/default/files/2025-06/ISTech-2029_newfillable.pdf
International and Global Studies	2026	https://www.wpi.edu/sites/default/files/2023-05/IGS%202026_fillable.pdf
International and Global Studies	2027	https://www.wpi.edu/sites/default/files/2023-06/IGS%202027_fillable_0.pdf
International and Global Studies	2028	https://www.wpi.edu/sites/default/files/2024-05/IGS-2028_fillable.pdf
International and Global Studies	2029	https://www.wpi.edu/sites/default/files/2025-06/IGS-2029_newfillable.pdf
Management Engineering	2026	https://www.wpi.edu/sites/default/files/2023-05/MGE%202026%20All_fillable.pdf
Management Engineering	2027	https://www.wpi.edu/sites/default/files/2023-06/MGE%202027%20All_fillable_1.pdf
Management Engineering	2028	https://www.wpi.edu/sites/default/files/2024-05/MGE-2028-All_fillable.pdf
Management Engineering	2029	https://www.wpi.edu/sites/default/files/2025-06/MGE-2029-All_newfillable.pdf
Management Information Systems	2027	https://www.wpi.edu/sites/default/files/2023-06/MIS%202027_fillable_0.pdf
Marketing Analytics	2030	https://www.wpi.edu/sites/default/files/2026-05/BS-MA---Class-of-2030.pdf
Mathematical Sciences	2026	https://www.wpi.edu/sites/default/files/2023-05/MA%202026_fillable.pdf
Mathematical Sciences	2027	https://www.wpi.edu/sites/default/files/2023-06/MA%202027_fillable_0.pdf
Mathematical Sciences	2028	https://www.wpi.edu/sites/default/files/2024-05/MA-2028_fillable.pdf
Mathematical Sciences	2029	https://www.wpi.edu/sites/default/files/2025-06/MA-2029_newfillable.pdf
Mechanical Engineering	2026	https://www.wpi.edu/sites/default/files/2026-06/ME-2026_updated.pdf
Mechanical Engineering	2027	https://www.wpi.edu/sites/default/files/2026-06/ME-2027_updated.pdf
Mechanical Engineering	2028	https://www.wpi.edu/sites/default/files/2026-06/ME-2028_updated.pdf
Mechanical Engineering	2029	https://www.wpi.edu/sites/default/files/2026-06/ME-2029_updated.pdf
Mechanical Engineering	2030	https://www.wpi.edu/sites/default/files/2026-06/ME-2030_fillable.pdf
Physics	2026	https://www.wpi.edu/sites/default/files/2023-05/PH%202026%20-%20Physics_fillable.pdf
Physics	2027	https://www.wpi.edu/sites/default/files/2023-06/PH%202027%20-%20Physics_fillable_0.pdf
Physics	2028	https://www.wpi.edu/sites/default/files/2024-05/PH-2028---Physics_fillable.pdf
Physics	2029	https://www.wpi.edu/sites/default/files/2025-08/PH-2029---Physics_new_updated_0.pdf
Physics-Applied	2027	https://www.wpi.edu/sites/default/files/2023-06/PH%202027%20-%20Applied%20Physics_fillable_0.pdf
Physics-Applied	2028	https://www.wpi.edu/sites/default/files/2024-05/PH-2028---Applied-Physics_fillable.pdf
Physics-Applied	2029	https://www.wpi.edu/sites/default/files/2025-08/PH-2029---Applied-Physics_newedits_.pdf
Policy Studies	2028	https://www.wpi.edu/sites/default/files/2025-06/PS-2028_newfillable.pdf
Policy Studies	2029	https://www.wpi.edu/sites/default/files/2025-06/PS-2029_newfillable.pdf
Professional Writing	2026	https://www.wpi.edu/sites/default/files/2023-05/PW%202026_fillable.pdf
Professional Writing	2027	https://www.wpi.edu/sites/default/files/2023-06/PW%202027_fillable_0.pdf
Professional Writing	2028	https://www.wpi.edu/sites/default/files/2024-05/PW-2028_fillable.pdf
Professional Writing	2029	https://www.wpi.edu/sites/default/files/2025-06/PW-2029_newfillable.pdf
Professional Writing	2030	https://www.wpi.edu/sites/default/files/2026-04/PW-2030.pdf
Psychological Science	2026	https://www.wpi.edu/sites/default/files/2023-05/PSY%202026_fillable.pdf
Psychological Science	2027	https://www.wpi.edu/sites/default/files/2023-06/PSY%202027_fillable_0.pdf
Psychological Science	2028	https://www.wpi.edu/sites/default/files/2024-09/PSY-2028_fillable.pdf
Psychological Science	2029	https://www.wpi.edu/sites/default/files/2025-06/PSY-2029_newfillable.pdf
Robotics Engineering	2026	https://www.wpi.edu/sites/default/files/2024-09/RBE-2026-New_fillable_0.pdf
Robotics Engineering	2027	https://www.wpi.edu/sites/default/files/2024-05/RBE-2027-New_fillable.pdf
Robotics Engineering	2028	https://www.wpi.edu/sites/default/files/2024-05/RBE-2028_fillable.pdf
Robotics Engineering	2029	https://www.wpi.edu/sites/default/files/2025-06/RBE-2029_newfillable.pdf
Robotics Engineering	2030	https://www.wpi.edu/sites/default/files/2026-05/RBE-2030_fillable.pdf
Society Technology Policy	2026	https://www.wpi.edu/sites/default/files/2023-05/STP%202026_fillable.pdf
Society Technology Policy	2027	https://www.wpi.edu/sites/default/files/2023-06/STP%202027_fillable_0.pdf
